code,genus,method,RA
1,Acrobeles,HTS,0.182249323
2,Acrobeles,MI,2.048610799
3,Acrobeloides,HTS,41.20833333
4,Acrobeloides,MI,30.33051368
5,Alaimus,HTS,0.016260163
6,Alaimus,MI,0.283576907
7,Amblydorylaimus,HTS,0.484756098
8,Amblydorylaimus,MI,0
9,Aphanolaimus,HTS,0
10,Aphanolaimus,MI,0.033551054
11,Aphelenchoides,HTS,5.476287263
12,Aphelenchoides,MI,6.249167561
13,Aphelenchus,HTS,1.159214092
14,Aphelenchus,MI,6.894560296
15,Aporcelaimellus,HTS,0.018631436
16,Aporcelaimellus,MI,2.297182323
17,Aporcelaimus,HTS,0.321138211
18,Aporcelaimus,MI,0
19,Aporcella,HTS,0.848577236
20,Aporcella,MI,1.214093357
21,Aulolaimus,HTS,0.00203252
22,Aulolaimus,MI,0
23,Basiria,HTS,0.029132791
24,Basiria,MI,0.793117351
25,Belondira,HTS,0
26,Belondira,MI,0.030503655
27,Bitylenchus,HTS,18.12906504
28,Bitylenchus,MI,20.61863311
29,Boleodorus,HTS,0.106368564
30,Boleodorus,MI,0
31,Campydora,HTS,0.072831978
32,Campydora,MI,0
33,Cephalobellus,HTS,0.031165312
34,Cephalobellus,MI,0
35,Cephalobus,HTS,0
36,Cephalobus,MI,2.250911826
37,Cervidellus,HTS,0
38,Cervidellus,MI,0.74325372
39,Chiloplacus,HTS,0
40,Chiloplacus,MI,1.310263222
41,Criconemoides,HTS,0
42,Criconemoides,MI,0.203364571
43,Cylindrolaimus,HTS,0.058265583
44,Cylindrolaimus,MI,0
47,Diphtherophora,HTS,0.033875339
48,Diphtherophora,MI,0.107499687
49,Diplogasteroides,HTS,0.117886179
50,Diplogasteroides,MI,0
51,Diploscapter,HTS,0.031504065
52,Diploscapter,MI,0
53,Discolaimus,HTS,0
54,Discolaimus,MI,0.023888707
55,Distolabrellus,HTS,0
56,Distolabrellus,MI,0.365035527
57,Ditylenchus,HTS,3.977303523
58,Ditylenchus,MI,0.936957482
59,Ecumenicus,HTS,14.43699187
60,Ecumenicus,MI,0
61,Ektaphelenchoides,HTS,0
62,Ektaphelenchoides,MI,0.079482106
63,Eucephalobus,HTS,0
64,Eucephalobus,MI,1.784803976
65,Eumonhystera,HTS,0.001693767
66,Eumonhystera,MI,0
67,Filenchus,HTS,0.352642276
68,Filenchus,MI,1.737613638
69,Geomonhystera,HTS,0
70,Geomonhystera,MI,0.901882265
71,Heterodera,HTS,0.402100271
72,Heterodera,MI,0.095248536
73,Hoplolaimus,HTS,0
74,Hoplolaimus,MI,0.221671411
75,Lelenchus,HTS,0
76,Lelenchus,MI,0.585644677
77,Merlinius,HTS,1.327913279
78,Merlinius,MI,0
79,Mesorhabditis,HTS,0.911246612
80,Mesorhabditis,MI,1.124124854
81,Microdorylaimus,HTS,0.380420054
82,Microdorylaimus,MI,4.435049402
83,Microlaimus,HTS,0
84,Microlaimus,MI,0.039725732
85,Miculenchus,HTS,0.014905149
86,Miculenchus,MI,1.066910516
87,Neopsilenchus,HTS,0.148712737
88,Neopsilenchus,MI,0
89,Oscheius,HTS,0.00203252
90,Oscheius,MI,0.755388266
91,Panagrolaimus,HTS,1.593157182
92,Panagrolaimus,MI,0
93,Paraphelenchus,HTS,0
94,Paraphelenchus,MI,0.402439024
95,Pelodera,HTS,0.011517615
96,Pelodera,MI,4.547315737
97,Plectus,HTS,1.794715447
98,Plectus,MI,0.535689418
99,Pratylenchus,HTS,0.363482385
100,Pratylenchus,MI,4.020335134
101,Prismatolaimus,HTS,0.012195122
102,Prismatolaimus,MI,0
103,Pristionchus,HTS,4.661585366
104,Pristionchus,MI,0
105,Psilenchus,HTS,0
106,Psilenchus,MI,1.16732058
107,Rotylenchus,HTS,0
108,Rotylenchus,MI,0.038353003
109,Steinernema,HTS,0.068089431
110,Steinernema,MI,0
111,Trichodorus,HTS,0
112,Trichodorus,MI,0.101191008
113,Triplonchium,HTS,0.025745257
114,Triplonchium,MI,0
115,Tylencholaimellus,HTS,0.162262873
116,Tylencholaimellus,MI,0
117,Tylencholaimus,HTS,0.021341463
118,Tylencholaimus,MI,0
119,Tylenchus,HTS,0.051490515
120,Tylenchus,MI,0
121,Wilsonema,HTS,0
122,Wilsonema,MI,0.027564901
